감정,단어
슬픔,슬픔
슬픔,슬프
슬픔,우울
슬픔,속상
슬픔,외롭
슬픔,외로운
슬픔,우울하고
슬픔,허전
슬픔,공허
슬픔,그립
슬픔,눈물
슬픔,무기력
슬픔,멘붕
슬픔,절망
슬픔,울컥
슬픔,기운없
슬픔,울적
슬픔,고독
슬픔,비통
슬픔,허무
슬픔,비참
슬픔,씁쓸
슬픔,허탈
슬픔,쓸쓸
슬픔,비애
슬픔,한숨
슬픔,공허함
슬픔,무력
슬픔,서럽
슬픔,외로움
슬픔,눈물남
슬픔,마음
슬픔,아픔
슬픔,무의미
슬픔,죽고
슬픔,허전함
슬픔,쓸쓸함
슬픔,낙담
슬픔,후회
슬픔,버려졌
슬픔,눈시울
슬픔,허무해
슬픔,외로워
슬픔,공허해
슬픔,죽고싶
슬픔,텅빈
슬픔,이별
슬픔,헤어짐
슬픔,섭섭
슬픔,절망감
슬픔,포기
슬픔,울적해
행복,행복
행복,기뻐
행복,기쁨
행복,좋아
행복,기쁘
행복,설레
행복,신나
행복,즐겁
행복,웃음
행복,뿌듯
행복,만족
행복,유쾌
행복,감사
행복,사랑
행복,포근
행복,따뜻
행복,기뻐
행복,개좋
행복,짱좋
행복,신남
행복,기쁨
행복,편안
행복,여유
행복,굳
행복,웃겨
행복,재밌
행복,달콤
행복,좋음
행복,감동
행복,행복해
행복,너무좋
행복,감격
행복,사랑받
행복,설렘
행복,짜릿
행복,신났
행복,미소
행복,만족해
행복,사랑스
행복,좋았다
행복,행복했다
행복,웃겼다
행복,기뻤다
행복,감동받
행복,감사해
행복,행복가득
행복,기쁨폭발
행복,귀여워
행복,사랑둥이
행복,개행복
행복,좋아죽겠
분노,화나
분노,빡쳐
분노,열받
분노,때려
분노,부수
분노,부셔
분노,때리
분노,성질
분노,억울
분노,불쾌
분노,거슬리
분노,미치겠
분노,분통
분노,개빡쳐
분노,씨발
분노,좆같
분노,개같
분노,짜증남
분노,돌겠
분노,미쳐
분노,개화남
분노,극대노
분노,개지랄
분노,억울해
분노,속터져
분노,짜증폭발
분노,킹받아
분노,화폭발
분노,진짜열
분노,개열받
분노,미치겠네
분노,진심빡
분노,개짜증나
분노,불쾌감
분노,개같네
분노,욕나옴
분노,미친놈
분노,열터져
분노,짜증폭발중
분노,분노가득
분노,씨발놈
분노,개빡침
분노,빡친
분노,존나열받
분노,짜증가득
분노,성질폭발
분노,미친년
분노,개같은
분노,열받음
분노,불쾌해
분노,화가
분노,극혐
분노,개분노
스트레스,부담
스트레스,스트레스
스트레스,피곤
스트레스,지침
스트레스,힘들
스트레스,짜증
스트레스,번아웃
스트레스,버겁
스트레스,귀찮
스트레스,불편
스트레스,지쳤
스트레스,힘듦
스트레스,답답
스트레스,현타
스트레스,압박
스트레스,머리아파
스트레스,지쳤다
스트레스,피곤해
스트레스,답답해
스트레스,짜증폭발
스트레스,피곤함
스트레스,힘빠졌
스트레스,귀찮다
스트레스,힘들다
스트레스,과부하
스트레스,멘탈나감
스트레스,피곤터짐
스트레스,현타옴
스트레스,정신없
스트레스,지쳐죽겠
스트레스,버겁다
스트레스,짜증지림
스트레스,압박감
스트레스,답답함
스트레스,피로누적
스트레스,지쳤음
스트레스,현타왔
스트레스,지쳐버림
스트레스,지쳐죽음
스트레스,짜증나서미침
스트레스,지쳤어
스트레스,힘들어
스트레스,미칠지경
스트레스,피곤터져
스트레스,번아웃옴
스트레스,지겨워
스트레스,지겨움
스트레스,지쳐서힘듦
스트레스,지쳐버렸다
스트레스,피곤지침
스트레스,스트레스풀려
스트레스,졸리
스트레스,졸려
스트레스,피곤해
스트레스,힘들
스트레스,졸려
스트레스,잠못자
불안,불안
불안,초조
불안,걱정
불안,긴장
불안,두렵
불안,겁
불안,조마조마
불안,혼란
불안,불확실
불안,위험
불안,무섭
불안,공포
불안,두려
불안,떨려
불안,불안감
불안,초조해
불안,겁나
불안,무서움
불안,두렵다
불안,긴장감
불안,불안정
불안,무서
불안,걱정스러
불안,두근거
불안,무서워
불안,불안해
불안,두려워
불안,초조하다
불안,겁났다
불안,긴장되
불안,불안했
불안,위축
불안,무섭다
불안,걱정돼
불안,불안한
불안,두근두근
불안,심장떨
불안,불안함
불안,불안중
불안,조마조마
불안,심란
불안,조심됨
불안,공포스러
불안,겁먹음
불안,초조감
불안,불안정함
불안,불안가득
불안,겁나죽겠
심심,심심
심심,지루
심심,무료
심심,따분
심심,재미없
심심,할일없
심심,멍
심심,심드렁
심심,흥미없
심심,시들
심심,노잼
심심,심심해
심심,할거없
심심,심심함
심심,지루해
심심,심심하다
심심,따분함
심심,심심타
심심,무료함
심심,할거없음
심심,흥미잃
심심,멍때리
심심,할말없어
심심,할게없어
심심,재미없
심심,노재미
심심,흥미없
심심,지루하
심심,무료했
심심,따분해
심심,폰만봐
심심,그냥있어
심심,무료하다
심심,심심했음
심심,할게없음
심심,지루해서죽
심심,노잼지옥
심심,아무생각
심심,심심폭발
심심,심심해서미침
심심,심심타죽
심심,심심사태
심심,재미없음
심심,심심해서죽겠
심심,노잼이다
심심,심심쓰
심심,심심끝판
심심,무료해
심심,노잼폭발
탐구,궁금
탐구,탐구
탐구,알고싶
탐구,호기심
탐구,생각
탐구,연구
탐구,이해
탐구,집중
탐구,파헤치
탐구,분석
탐구,공부
탐구,탐험
탐구,배우
탐구,질문
탐구,실험
탐구,탐색
탐구,조사
탐구,캐묻
탐구,의문
탐구,관찰
탐구,파악
탐구,탐독
탐구,몰입
탐구,탐색중
탐구,조사중
탐구,이해중
탐구,공부중
탐구,분석중
탐구,탐험중
탐구,관심
탐구,생각중
탐구,깊게파
탐구,의문가득
탐구,배우는중
탐구,탐구심
탐구,호기심가득
탐구,배움
탐구,탐독중
탐구,탐구중
탐구,파헤침
탐구,궁금해
탐구,호기심많
탐구,생각해
탐구,공부중
탐구,탐험중
탐구,탐색중
탐구,배우고
탐구,이해해
탐구,연구중
탐구,조사중
심심,보통
심심,그냥
심심,무난
심심,평범
심심,괜찮
심심,그래
심심,별로
심심,담담
심심,평온
심심,적당
심심,보통임
심심,괜찮음
심심,나쁘진
심심,좋진
심심,중간
심심,평범함
심심,무난함
심심,무난해
심심,평온함
심심,괜찮다
심심,그럭저럭
심심,나쁘지
심심,그저그렇
심심,평범해
심심,괜찮네
심심,별로야
심심,나쁘지않
심심,무난
심심,중립
심심,중간
심심,평범한
심심,그냥
심심,보통
심심,무난
심심,평범
심심,그럭저럭
심심,그저
심심,그래
심심,평범했
심심,괜찮았
심심,평온했
심심,별로아냐
심심,적당해
심심,적당히좋
심심,중립적
심심,평범하게
심심,괜찮았어
심심,무난했
심심,보통같
심심,평온하게
심심,담담했
심심,그냥그렇
심심,아무거
심심,아무렇
심심,평범
심심,그저
심심,무난
심심,그래
심심,적당
심심,보통